Subject,Run,Dict_Key,Acc_Diff_Mean,Acc_Diff_Median,Acc_Diff_Std,Box_Diff_Mean,Box_Diff_Median,Box_Diff_Std
X51231,1,"(1, 1)",0.17620627111856368,0.17620627111856368,0.0,,,
X51231,1,"(1, 2)",-0.1333476974136031,-0.06208670871948266,0.1801468660485033,-0.08797972509637475,-0.03189330000896007,0.224127611242937
X51231,1,"(1, 3)",-0.02353489280930422,-0.017631981051832724,0.19566916821186256,0.18351599987363443,0.22851569985505193,0.17273668499104455
X51231,1,"(1, 4)",-0.18339890500051356,-0.19789261316835696,0.1662183827317442,-0.005771520035341382,-0.04498149990104139,0.12953470979697124
X51231,1,"(2, 1)",0.0330089221522028,-0.022302662359678538,0.19628064832288084,-0.03203704999759793,-0.04089425003621727,0.07431457578055768
X51231,1,"(2, 2)",0.012483869026506555,0.06070006445409082,0.29067419129098127,0.007643987570190802,-0.05596259981393814,0.24186849319254644
X51231,1,"(2, 3)",0.07386629708288892,0.05987597134242992,0.2728428651516837,0.12663457775488496,0.1130311000160873,0.2649766801684895
X51231,1,"(2, 4)",-0.3658290739926493,-0.44429934287861034,0.1684046340246188,-0.2982809667785962,-0.40099150012247264,0.1638885765828526
X51231,1,"(3, 1)",-0.1485662519141199,-0.1485662519141199,0.20876694077964988,-0.054517799988389015,-0.054517799988389015,0.21850130008533597
X51231,1,"(3, 2)",-0.17309647625046434,-0.1444675939525451,0.13164691294297656,-0.07603262006305159,-0.078957200050354,0.15275418727153148
X51231,1,"(3, 3)",-0.07411425002500181,-0.08781598908923793,0.17230597324367133,0.04899865884662551,0.003939199959859252,0.16581334204175682
X51231,1,"(3, 4)",-0.14781304395199651,-0.15341396255076994,0.21964282544553754,-0.05432870001532138,-0.07192605012096465,0.23156871402541512
X51231,1,"(4, 1)",-0.2912718616624444,-0.30361560253675024,0.31682022891838624,0.24169286674199006,0.23197130020707846,0.04170701330437961
X51231,1,"(4, 2)",-0.08238091993586395,-0.07810128738841762,0.3667530381280697,0.027687900030286983,0.04342644987627864,0.37717345829722887
X51231,1,"(4, 3)",-0.13463288074186555,-0.07134902408389399,0.1351757786217352,0.028693000009904306,0.05406250013038516,0.11320722037403363
X51231,1,"(4, 4)",0.05199673140583531,-0.013315356449836835,0.22481764589368303,-0.024409650010056794,-0.024409650010056794,0.1153802500339225
X51231,2,"(1, 1)",-0.1980101219874255,-0.1980101219874255,0.06693945208974683,-0.12007010006345809,-0.12007010006345809,0.0
X51231,2,"(1, 2)",-0.0031762539890612673,-0.0031762539890612673,0.02982630973251052,0.1880681999027729,0.1880681999027729,0.0
X51231,2,"(1, 3)",-0.1408845434593692,-0.009869447110066043,0.22939724931832745,0.27098429994657636,0.27098429994657636,0.2130277999676764
X51231,2,"(1, 4)",0.09907696851912984,0.09907696851912984,0.0,,,
X51231,2,"(2, 1)",-0.6432005789732247,-0.6432005789732247,0.35132095187262263,-0.4345490999985486,-0.4345490999985486,0.48759590019471943
X51231,2,"(2, 2)",-0.10299137439661651,-0.07892700952849785,0.15404351365928323,-0.03541001994162798,-0.04200779995881021,0.104865989472979
X51231,2,"(2, 4)",,,,,,
X51231,2,"(3, 1)",-0.8113818776711682,-0.8113818776711682,0.0,,,
X51231,2,"(3, 2)",-0.2990264038545796,-0.31539169686958746,0.0551499487897258,-0.02524777496000752,-0.08548849984072149,0.18708615470455947
X51231,2,"(3, 3)",0.20465266659812786,0.20465266659812786,0.11057223255705317,0.2968385497806594,0.2968385497806594,0.20510164985898882
X51231,2,"(3, 4)",-0.090624136976728,-0.16038355058152287,0.10162966803299746,0.036739900009706616,0.03635700000450015,0.019664693796459843
X51231,2,"(4, 1)",-0.12299133560397135,-0.12299133560397135,0.0,-0.16292109992355108,-0.16292109992355108,0.0
X51231,2,"(4, 2)",-0.1266994933942385,-0.11936058086525986,0.1556319653331127,0.08801139984279871,0.08801139984279871,0.0
X51231,2,"(4, 3)",0.4675691135558583,0.44911578946518405,0.21097422135233626,-0.01299939991440624,-0.01299939991440624,0.17497879976872355
X51231,2,"(4, 4)",,,,,,
Jul_13,1,"(1, 1)",-0.054792242244691515,-0.05513850472452114,0.024111395525041154,0.015047500084619969,0.015047500084619969,0.0
Jul_13,1,"(1, 2)",-0.06345107433035223,-0.07107876411372371,0.16151319203240194,-0.01202829999383539,0.014889500045683235,0.056445909126634074
Jul_13,1,"(1, 3)",0.0015899363190415405,0.006196454055757694,0.06209070665327846,0.06358236666225518,0.06292419997043908,0.058740485236783935
Jul_13,1,"(1, 4)",-0.07677517823120773,-0.13972161777836595,0.18900899054152148,0.2219770000083372,0.2219770000083372,0.0
Jul_13,1,"(2, 1)",-0.004502521117147644,0.005859321270589135,0.02517446036270315,0.01935386665475865,0.046034099999815226,0.04059941382634773
Jul_13,1,"(2, 2)",-0.0308942182283167,-0.03361363862587116,0.08304047212082762,-0.007782808325525063,0.0033833500056061894,0.07106589588550098
Jul_13,1,"(2, 3)",0.022603081260817125,0.002005115576239558,0.10024467286428979,0.054179175007448066,0.03091005000169389,0.10548311527266287
Jul_13,1,"(2, 4)",0.027692079937938874,-0.12025430683972815,0.21109238962910307,0.0782994333615837,-0.07907249999698251,0.2346438170469686
Jul_13,1,"(3, 1)",-0.07439363674710188,-0.06926561111759766,0.04072676430272564,-0.04330566669038186,-0.016949200013186783,0.037945414527768104
Jul_13,1,"(3, 2)",-0.10358894671323345,-0.06509550475565712,0.09543968865011108,-0.06909617692088851,-0.03188540006522089,0.09656127136908538
Jul_13,1,"(3, 3)",-0.09026766634748053,-0.11072124043105337,0.13196328757392756,-0.024188226670958102,-0.041983500006608665,0.08653601732990371
Jul_13,1,"(3, 4)",-0.05128295492592161,-0.05169152508679303,0.053995488411422196,-0.013852885733025946,-0.01803420000942424,0.06269156263639995
Jul_13,1,"(4, 1)",-0.06925842536621318,-0.06925842536621318,0.0159379065281402,-0.0004259999841451645,-0.0004259999841451645,0.025481500022578984
Jul_13,1,"(4, 2)",-0.10423624502025652,-0.06486662247030583,0.10977735600050952,-0.05652074998943135,-0.05652074998943135,0.12770715000806376
Jul_13,1,"(4, 3)",0.008250007616575716,-0.019093052162819812,0.13866857531800889,0.05344034287346793,0.04210880002938211,0.13408061133386948
Jul_13,1,"(4, 4)",0.050317329063550104,0.050317329063550104,0.04204086772461815,0.12705559999449179,0.12705559999449179,0.0300354000646621
Jul_13,2,"(1, 1)",,,,,,
Jul_13,2,"(1, 2)",-0.09538007292886909,-0.10176407768229984,0.08148316942518168,,,
Jul_13,2,"(1, 3)",-0.04198926997477051,-0.028040003677212932,0.08443997255526983,,,
Jul_13,2,"(1, 4)",,,,,,
Jul_13,2,"(2, 1)",,,,,,
Jul_13,2,"(2, 2)",-0.021978641954531232,-0.008841341226971833,0.06413722203675187,0.009352299999186976,0.04083009995520115,0.06457779758291236
Jul_13,2,"(2, 3)",-0.003899346229426213,0.0022130972928045,0.0657264591332583,0.04945148333111623,0.041090950020588934,0.0612764494477738
Jul_13,2,"(2, 4)",,,,,,
Jul_13,2,"(3, 1)",,,,,,
Jul_13,2,"(3, 2)",-0.07176822323099089,-0.10182990055061686,0.08793097657872426,-0.01616165998275392,-0.03568044997518882,0.07524364963794247
Jul_13,2,"(3, 3)",-0.006026767920410012,-0.0117645235163516,0.04694429958852139,0.04045017271577804,0.021927299967501312,0.044819271853475166
Jul_13,2,"(3, 4)",,,,,,
Jul_13,2,"(4, 1)",,,,,,
Jul_13,2,"(4, 2)",-0.05365183016302174,-0.04590025843540152,0.07241470129125321,,,
Jul_13,2,"(4, 3)",-0.056879962508311184,-0.059563541688244015,0.07326245134265451,,,
Jul_13,2,"(4, 4)",,,,,,
X91583,1,"(1, 1)",-0.10459066876126573,-0.08469665218545552,0.11928393314115442,-0.026138566654279,-0.0049082000041380525,0.11757084456613684
X91583,1,"(1, 2)",0.004727984437494471,0.012413981688724679,0.12317099349507397,0.09066940002542521,0.0959500499884598,0.0642256347223035
X91583,1,"(1, 3)",0.041867535329446474,0.09751656189601082,0.19375401285687008,0.1321404888941389,0.19004649994894862,0.1874000409138802
X91583,1,"(1, 4)",-0.02938393534152709,-0.045248942313137586,0.13490903198081913,0.02703791578594399,0.021027700044214725,0.0778257433098603
X91583,1,"(2, 1)",-0.11880966431310203,-0.15565030138090374,0.09743964645505118,-0.07251756249752361,-0.10314079996896908,0.09818975173485768
X91583,1,"(2, 2)",-0.06750241546973164,-0.07211290292831632,0.07925828115920776,-0.01679971667342923,-0.00445949996355921,0.08433301412296405
X91583,1,"(2, 3)",-0.009567130102524843,0.015501473127075518,0.056239818718287406,0.035561975062591955,0.05400735005969182,0.06689810168397572
X91583,1,"(2, 4)",-0.08886010202998613,-0.09030175431647089,0.08454636864995055,0.008765773312188686,-0.04603630013298243,0.18942269490234168
X91583,1,"(3, 1)",-0.23871874408659918,-0.2859908750962264,0.09708709123518343,-0.14669427505577914,-0.1534058500546962,0.06028335862176446
X91583,1,"(3, 2)",-0.25242971185226165,-0.20992449453517661,0.16848778498525988,-0.1453012083172022,-0.08403154992265627,0.1832707748688087
X91583,1,"(3, 3)",-0.05039530397507455,-0.12814994063807514,0.18541202600492174,0.043998624954838306,0.0015079500153660774,0.1464469275671824
X91583,1,"(3, 4)",-0.16232783793967745,-0.1313857348846704,0.08540864897866854,-0.08187857000157236,-0.08131579996552318,0.06739553529244506
X91583,1,"(4, 1)",-0.17570319857624941,-0.1836691838849476,0.10962049204021743,-0.06296764762096461,-0.054877899936400354,0.06312864343599596
X91583,1,"(4, 2)",0.05345882617499843,0.051839789522880625,0.13674545737822458,0.08884304615024191,0.10597909998614341,0.05309629273204238
X91583,1,"(4, 3)",0.006300763292767399,-0.0021487511122220138,0.11232145843164171,0.12161987778058068,0.15593790006823838,0.07341632538134542
X91583,1,"(4, 4)",-0.09378499919252326,-0.12880107455411083,0.12345254654397118,-0.012259222243705558,0.00802429998293519,0.13793006214632972
X91583,2,"(1, 1)",-0.07986931713850941,-0.07947384722490847,0.18490839571603765,0.015673355542175058,0.0065663999994285405,0.08308040545092557
X91583,2,"(1, 2)",0.0451134679732026,0.047710815620487235,0.12041379600989596,0.0999379273165356,0.10797199991066009,0.08286316676911763
X91583,2,"(1, 3)",0.12410892459601328,0.050823532519840786,0.16602866829457266,0.19862210001641264,0.17500210006255656,0.06894081469105358
X91583,2,"(1, 4)",-0.17847201574871951,-0.1261828960959233,0.2737213871604345,-0.08890005999710411,-0.008532800013199449,0.23267272956974253
X91583,2,"(2, 1)",-0.1912413831693847,-0.19156538856481742,0.06506896137008347,-0.13217141820033165,-0.13307690003421158,0.07767450523503552
X91583,2,"(2, 2)",-0.032961642955662375,-0.03848810427769894,0.050787021884487936,0.017728713317774238,0.019881500047631562,0.04960365078814997
X91583,2,"(2, 3)",0.00941265648595746,0.004627547919971914,0.05461380061823798,0.06736466663035874,0.06566344999009743,0.04355840337695018
X91583,2,"(2, 4)",-0.18384466311496783,-0.15485895835699331,0.07741238321577641,-0.12065463498583995,-0.09153200010769069,0.07214155377985752
X91583,2,"(3, 1)",-0.2504827174787713,-0.2841695758559092,0.10179902244178389,-0.13766896666493267,-0.11899584997445345,0.08652863968487699
X91583,2,"(3, 2)",-0.16071361469819848,-0.15243761458075744,0.027756825647603796,-0.050500024954089895,-0.04698009992716834,0.03970644275818345
X91583,2,"(3, 3)",-0.10203507720373664,-0.12220499840121588,0.11869852057722378,0.0020167200360447167,0.008091300027444959,0.09477470913513572
X91583,2,"(3, 4)",-0.3114588872768522,-0.2822855011241001,0.21259746551041667,-0.2007112091364847,-0.16422850009985268,0.23025203640333275
X91583,2,"(4, 1)",-0.28162675692396905,-0.2900090697793627,0.09466270536869598,-0.05900802724698389,-0.055067399982362986,0.06552017115312048
X91583,2,"(4, 2)",-0.026705984672716204,-0.04994539641717069,0.14628359428221013,0.21775507140305958,0.13998370000626892,0.19618683762571762
X91583,2,"(4, 3)",-0.007409736595916976,-0.04599261827360113,0.2056785587196267,0.180388025008142,0.169053649995476,0.0658516644267501
X91583,2,"(4, 4)",-0.1913519418068814,-0.2225412719721095,0.26872489442546504,-0.04990940908266401,-0.036987499915994704,0.08116569862187224
X38547,1,"(1, 1)",-0.07113677132707745,-0.09949512748284417,0.2084243971829654,-0.014311036327853799,3.5499921068549156e-05,0.0893635355470765
X38547,1,"(1, 2)",0.018875511086102296,-0.023318391949955164,0.18726737292322765,-0.004262399892987949,0.020199900027364492,0.12463362909370165
X38547,1,"(1, 3)",0.11608104960539263,-0.008594762557068925,0.17687028007884031,0.07907136677143474,0.05301750008948147,0.044764674121012815
X38547,1,"(1, 4)",0.0874770422147615,0.07234105876740962,0.2721064108466181,0.01209226663922891,0.05447754985652864,0.2006523794385643
X38547,1,"(2, 1)",-0.09418825357298012,-0.06670702200422707,0.09965427370376682,-0.05285020005734017,-0.04208810010459274,0.09215343898825941
X38547,1,"(2, 2)",-0.026024401637236193,-0.06496357745744252,0.09054650839253596,-0.035993566658968724,-0.02305880025960505,0.07364987494458959
X38547,1,"(2, 3)",0.01831064502907486,-0.035255770471740056,0.18035133235261522,0.1261856749188155,0.10732509987428784,0.09243941494031599
X38547,1,"(2, 4)",-0.14588851877040543,-0.12135029552105431,0.1757492433974576,0.017427179822698237,-0.01801950018852949,0.07731254576234065
X38547,1,"(3, 1)",-0.10659488118941325,-0.11642484767357184,0.1911174212269996,-0.11232456669677049,-0.10450595000293106,0.0750331978109656
X38547,1,"(3, 2)",-0.2063426016451956,-0.20568016306258063,0.16960527532115285,-0.05554089997895062,-0.05554089997895062,0.030548099894076586
X38547,1,"(3, 3)",0.0182102416972293,-0.041644800343717064,0.15645406376787507,0.0865344499470666,0.0865344499470666,0.11339565005619079
X38547,1,"(3, 4)",0.03376817964241369,0.07980992342847376,0.1714191798364581,-0.017901988881122734,-0.006015200167894363,0.07110950837448682
X38547,1,"(4, 1)",0.03456057625010203,-0.005259017263592625,0.15436457646421362,-0.017920786639054616,-0.012023299932479858,0.09158455878881144
X38547,1,"(4, 2)",0.02906522283797812,-0.005089414883925392,0.1571771391653894,-0.024527133248435955,-0.008497749920934439,0.10870523847631282
X38547,1,"(4, 3)",-0.03081095508466079,-0.05233435020374874,0.13428041386085354,-0.00436800008174032,0.0019598498474806547,0.07669955835570333
X38547,1,"(4, 4)",0.11180771939693429,0.1111422798083026,0.18711998556590712,-0.05115357495378703,-0.00882085005287081,0.17049546823856154
X38547,2,"(1, 1)",0.02795108595875626,0.022049802505724247,0.18566057178380155,-0.0014323642909792916,-0.020988999982364476,0.12915705773602845
X38547,2,"(1, 2)",0.2545536346005884,0.12108843234886402,0.27197935741526114,0.0966043250518851,0.05646250012796372,0.12386309181791288
X38547,2,"(1, 3)",0.198344609348804,0.2608235457113056,0.163954652743186,0.11753196661205341,0.11950435000471771,0.13388032929298324
X38547,2,"(1, 4)",0.17899344161238634,0.16725000189318595,0.232722962100676,0.0035971333660806217,0.07738000003155321,0.179626786892185
X38547,2,"(2, 1)",-0.16150222769142403,-0.1648669531536357,0.0602806067722119,-0.1178632143419236,-0.13599790004082024,0.10241640143280999
X38547,2,"(2, 2)",-0.009200566821019465,-0.030445612143520984,0.09258679054951971,0.06398752506356686,0.06908339995425195,0.09260632561063943
X38547,2,"(2, 3)",-0.010965240099780693,-0.019205325935683137,0.08587510787548382,0.01596833993680775,0.03294340008869767,0.045444598913536964
X38547,2,"(2, 4)",-0.15142040910427076,-0.14910915379054032,0.08351128081834576,-0.04209680000453123,0.018965499941259623,0.1314720596292442
X38547,2,"(3, 1)",-0.007322162666113287,-0.04332586073013772,0.24111140187456884,-0.15088252862915397,-0.1626796000637114,0.04757046281774367
X38547,2,"(3, 2)",0.012956547445306436,0.11135263293654957,0.21106000214678464,-0.00494896659317116,-0.016386599862016737,0.04225009888435526
X38547,2,"(3, 3)",0.31734648370714447,0.32331914585196675,0.3988262531936406,0.13921087508788332,0.11794264998752624,0.05839363494219048
X38547,2,"(3, 4)",0.2499106493055001,0.26465125921116855,0.33640990414729344,-0.08424082503188401,-0.03403900004923344,0.14219574195826534
X38547,2,"(4, 1)",-0.14362111681425088,-0.33583211964032944,0.3179405861364082,-0.08010137998498976,-0.09794429992325604,0.1369210622399006
X38547,2,"(4, 2)",-0.0034902094594900096,-0.01932566401259858,0.19341720497972384,-0.005155375081812963,-0.06306275015231222,0.12619968495475833
X38547,2,"(4, 3)",0.0018468261646932664,-0.026375912735121382,0.19415133571726628,0.07359878183342516,0.08824330009520054,0.18301955346618026
X38547,2,"(4, 4)",0.03970893156120147,-0.06525670310147713,0.1853120726272771,0.03433236673784753,-0.04077900014817715,0.1471493599813625
X02299,1,"(1, 1)",-0.012231074486234172,-0.02771884899371918,0.024841324013116766,0.0042669333051890135,-0.016018700087442994,0.03312166711849871
X02299,1,"(1, 2)",0.02945950590869869,-0.06361478146586785,0.19395389490200232,-0.019991909090260215,-0.026879400247707963,0.043318673275389574
X02299,1,"(1, 3)",-0.0038752165733508884,-0.058891995708706374,0.1841044787041444,-0.04211186256725341,-0.04542900016531348,0.06813810343793661
X02299,1,"(1, 4)",0.06243032628183302,0.02786740880747779,0.10986263577307358,0.047420328516247015,0.020961199887096882,0.08332970003636092
X02299,1,"(2, 1)",-0.06610100720713513,-0.07220750311132143,0.08139270032886074,-0.014800929976627231,-0.013534250087104738,0.08180148498188931
X02299,1,"(2, 2)",-0.05262139247660207,-0.06212087248196535,0.05390364649737079,0.018822935725828365,0.023476399946957827,0.062449872281356476
X02299,1,"(2, 3)",-0.050997274264465056,-0.045837711552025207,0.06504356693661462,0.05648325999888281,0.024971700040623546,0.14080114067455593
X02299,1,"(2, 4)",0.005042661862898381,-9.551001391688851e-05,0.03521905356383166,0.06147876000031829,0.0668627000413835,0.03619411476078983
X02299,1,"(3, 1)",-0.06284848325066522,-0.05843661584886489,0.047408787389646684,0.019184025120921433,0.0180125500774011,0.021829209760503027
X02299,1,"(3, 2)",-0.038528027677228946,-0.08528418021230556,0.11655831760515319,-0.008681159978732467,-0.009919999982230365,0.07653214078882607
X02299,1,"(3, 3)",-0.07682273082321284,-0.0456700645021505,0.09125625711771171,0.003677413333207369,0.007042699959129095,0.06297823386382143
X02299,1,"(3, 4)",-0.047163689914879736,-0.0451926937961397,0.0885604028183604,0.013562336821403159,0.015519999898970127,0.07172634502641771
X02299,1,"(4, 1)",0.001831630446619586,-0.04712578179974203,0.10566299732437162,-0.02197534616033618,-0.04096279991790652,0.08826325212276807
X02299,1,"(4, 2)",-0.0826906617494574,-0.06663936674278183,0.13912782193815149,-0.07906876107315636,-0.05308105004951358,0.12092876392433805
X02299,1,"(4, 3)",-0.03228585896097236,-0.014097152767149679,0.11261164819391749,-0.034962472738698125,-0.02798140002414584,0.04466439351141597
X02299,1,"(4, 4)",-0.014888566322958126,-0.02407329456276558,0.10969050962890126,-0.0044646999925713644,-0.0059094002936035395,0.06677933014500446
X02299,2,"(1, 2)",-0.26818471062499233,-0.26818471062499233,0.1316954877519091,-0.0020478498190641403,-0.0020478498190641403,0.07808335009030998
X02299,2,"(1, 3)",,,,,,
X02299,2,"(1, 4)",-0.06395358183285069,-0.06395358183285069,0.0,0.028920199954882264,0.028920199954882264,0.0
X02299,2,"(2, 1)",-0.1369081184113828,-0.1369081184113828,0.00799278113160326,-0.07298380008433014,-0.07298380008433014,0.004013300058431923
X02299,2,"(2, 2)",-0.05860138322561435,-0.08192224801631884,0.049689351534103185,0.012501700005183617,-0.0015251500299200416,0.04947180903124523
X02299,2,"(2, 3)",0.036341405827543555,0.022911699057714452,0.07993313735996838,0.11226830002851784,0.10041150019969791,0.09938169491095686
X02299,2,"(2, 4)",-0.030295958138498003,-0.02739600521199531,0.02731573269636621,0.05010255007073283,0.05010255007073283,0.0031200500670820475
X02299,2,"(3, 2)",0.025640697912428973,-0.049451483479128255,0.34879481026124004,-0.00472280018342038,-0.011228900169953704,0.033515304865463794
X02299,2,"(3, 3)",0.17231162303122993,-0.015720863737244906,0.3795396471996088,-0.03973913745721802,-0.04312779998872429,0.04985554301853774
X02299,2,"(3, 4)",-0.07676699861667019,-0.08657384432451727,0.12080175145149917,0.06415131418699664,0.059744399739429355,0.054068587669557876
X02299,2,"(4, 1)",-0.20806562948084076,-0.22835820208578184,0.07811703544383902,-0.09241639997344464,-0.09241639997344464,0.013463799958117306
X02299,2,"(4, 2)",-0.21774655755394173,-0.17942252241023154,0.14823503525385998,-0.15306144987698644,-0.09205144993029535,0.12987024396905797
X02299,2,"(4, 3)",-0.12342702930553011,-0.15717067272935276,0.16553300689187853,-0.04092873334108541,-0.04497229994740337,0.03738803371624413
X02299,2,"(4, 4)",-0.09593543331494656,-0.10592558485003785,0.07286361140318641,0.007855525007471442,0.011478900094516575,0.05210522746682911
X48739,1,"(1, 1)",-0.06278311263360337,-0.06278311263360337,0.0,0.00661219994071871,0.00661219994071871,0.0
X48739,1,"(1, 2)",-0.02181154962051468,-0.02181154962051468,0.0,0.05712589994072914,0.05712589994072914,0.0
X48739,1,"(1, 3)",0.014669341934177987,0.010693679836977082,0.12967094394022338,0.03778339995187707,0.05313815001863986,0.07286612337022945
X48739,1,"(1, 4)",0.019285224317585597,-0.004006611725482556,0.04817915603745773,0.07329778332496062,0.04945054999552667,0.04460933487698503
X48739,1,"(2, 1)",-0.02331233642172973,-0.08829938645660235,0.14667345274844037,-0.03650807499070652,-0.01953039999352768,0.07564500441993285
X48739,1,"(2, 2)",-0.058862955242312186,-0.03598454068722559,0.10411066924234776,-0.018437737511703745,-0.03343730000779033,0.0905281879343585
X48739,1,"(2, 3)",0.05815475961917456,0.014769790277095463,0.16672551941221414,0.11069075000705197,0.07243850000668317,0.17931131120732136
X48739,1,"(2, 4)",-0.04567947493742541,-0.013862855791845652,0.10644607681805505,0.017312472239912797,0.04096675000619143,0.12472454464541918
X48739,1,"(3, 1)",-0.10096623776524803,-0.10096623776524803,0.01739941428442192,-0.0755175999365747,-0.0755175999365747,0.042527299956418574
X48739,1,"(3, 2)",-0.183028199444907,-0.12356117399461652,0.1414607059974652,-0.0569867166535308,-0.0685150499921292,0.09700323857417996
X48739,1,"(3, 3)",0.008947611295366599,-0.031072750586085607,0.10025983229700702,0.04258524282236716,0.023093299940228462,0.0472249946033343
X48739,1,"(3, 4)",-0.18709551560561175,-0.16450277246085143,0.13569515199536875,-0.04059706428753478,-0.02804969996213913,0.07879911191380648
X48739,1,"(4, 1)",-0.07261842761375988,-0.09374658652601925,0.07803648246180585,-0.03216090004813547,-0.04703405004693195,0.05926128811132558
X48739,1,"(4, 2)",-0.16635754310393727,-0.15684307532596553,0.1459631498576793,-0.06023934544910761,-0.031172849936410785,0.11179450427555201
X48739,1,"(4, 3)",0.05633509116438738,-0.0019243842229057784,0.193561058581495,0.059773700009100136,0.035962100024335086,0.11533342579807042
X48739,1,"(4, 4)",-0.055284218730809055,-0.0776790110625315,0.14611095266551105,0.012360242860657828,0.019044100015889853,0.0756403552315973
X48739,2,"(1, 1)",0.05658580438942996,0.09358409005809698,0.13315980915584927,0.03155168182936243,0.04405730008147657,0.07209764159599835
X48739,2,"(1, 2)",-0.07008591580857895,-0.08400276885791447,0.08609445549569948,-0.06457658000290394,-0.06595149997156113,0.05884435048549509
X48739,2,"(1, 3)",-0.031679577761655774,-0.06460733331843627,0.11672723039936804,-0.00653768571958478,-0.021013799938373268,0.06781816253050103
X48739,2,"(1, 4)",0.060318526750011,0.035098354584975316,0.13024030739306272,0.030484449991490692,0.03303090005647391,0.07332939502424748
X48739,2,"(2, 1)",-0.060130084327628584,-0.0719470188303629,0.14156891041985203,-0.024679089954588562,-0.0018379000248387456,0.10083974574139178
X48739,2,"(2, 2)",-0.038615932850759385,-0.040673950656743674,0.08865620101858773,0.031216966635030177,0.03501510003115982,0.08013902740116963
X48739,2,"(2, 3)",0.08019539461957563,0.02414383848909528,0.136850491940955,0.14406904999244338,0.10749304998898879,0.10124237738330609
X48739,2,"(2, 4)",-0.08011809041078893,-0.08667780848522616,0.07200629999315324,-0.01829655999317765,-0.020064099808223546,0.07382505389672349
X48739,2,"(3, 1)",-0.14884736384383238,-0.18658766775881827,0.080822770675112,-0.08809985000698362,-0.08788200002163649,0.0756067600617845
X48739,2,"(3, 2)",-0.10856023919184737,-0.08952149045114452,0.05656107957675979,-0.017564837500685826,-0.027544849959667772,0.12110634150362423
X48739,2,"(3, 3)",-0.06550932953115801,-0.0533540909773246,0.07454125437868933,0.02584771815137091,0.03598109993617982,0.043966575380195334
X48739,2,"(3, 4)",-0.12679322865865764,-0.10056027655724897,0.10138550953090987,-0.05978867497954828,-0.03610989992739633,0.0889461062897772
X48739,2,"(4, 1)",-0.10658228803583913,-0.08372100166479185,0.10179597324716011,-0.014457675031735562,0.013465450028888881,0.07659881833451913
X48739,2,"(4, 2)",-0.05123836550232626,-0.08007473129472542,0.11817715230838126,-0.029165789466596356,-0.02102150011342019,0.10040379497021842
X48739,2,"(4, 3)",-0.023959066409151516,-0.03611474229638263,0.1193491777682005,0.059450578584801406,0.01030545006506145,0.13014727211704227
X48739,2,"(4, 4)",-0.026329093281241393,-0.03731194177689637,0.12753340653700573,0.01562625832351235,0.008535200031474233,0.11098007460884103
X13844,1,"(1, 1)",-0.043982635713064315,-0.1672822652893626,0.35739431239118186,0.15598607994616032,0.00910340016707778,0.30156113741595003
X13844,1,"(1, 2)",-0.12367301385367148,-0.12823379129145215,0.13067324625661142,0.04877893326597081,0.0979192997328937,0.19921799056678383
X13844,1,"(1, 3)",0.012455497059410353,-0.005179032888859791,0.13212726504851133,0.14452302996069194,0.11054084997158498,0.1265369383147516
X13844,1,"(1, 4)",-0.114410016774982,-0.06991236863360817,0.3673091262945248,0.05239804612042812,0.07016039988957345,0.4824058212779434
X13844,1,"(2, 1)",-0.21271733819273458,-0.0901825422438996,0.24343686310866366,-0.03492480998393148,0.024968900019302964,0.24676100154688407
X13844,1,"(2, 2)",-0.2623983486822598,-0.21128417782984266,0.23186121724899683,-0.00930180991999805,-0.07948580000083894,0.2888465511556374
X13844,1,"(2, 3)",-0.12489222166606216,-0.10273992179796987,0.10467345572294441,0.15768464450310501,0.13104570005089045,0.12478956185494398
X13844,1,"(2, 4)",-0.09776068983828093,-0.07796018361463178,0.07707790145551835,0.08227565002744086,0.07612515008077025,0.05844160404787204
X13844,1,"(3, 1)",-0.26119109216573255,-0.2673663057159229,0.1702722606364127,-0.16124029993079603,-0.3004466498969123,0.2989611719269343
X13844,1,"(3, 2)",-0.2794482059333814,-0.23602181867864988,0.20946205697768563,-0.12388557135792715,0.02098440029658377,0.2910571741036144
X13844,1,"(3, 3)",-0.15893093493003888,-0.1374435195783279,0.10776086733663107,-0.00919845452616838,0.015006700064986944,0.1163483570470782
X13844,1,"(3, 4)",-0.15457847620319445,-0.1501891912304844,0.1990165148623601,0.02370784612587438,0.008970800088718534,0.11296091535515257
X13844,1,"(4, 1)",-0.28079337997912285,-0.344199256412287,0.2950187328579036,-0.08657516840551245,-0.0628913997206837,0.2600310353639831
X13844,1,"(4, 2)",-0.2313420220882532,-0.2163766328451202,0.2063958595754015,0.11884413337490211,-0.0013814499834552407,0.28464711448598373
X13844,1,"(4, 3)",-0.20040578536282058,-0.3227530686912035,0.3431268802200866,0.08233908894989225,-0.007113499799743295,0.3226569666789463
X13844,1,"(4, 4)",-0.31639583746900407,-0.06997860871939238,0.49745564612269777,-0.28525298004969957,-0.009004199877381325,0.44958808621573043
X13844,2,"(1, 1)",-0.23291464836162498,-0.17769454313309285,0.40039201503147126,-0.28635224006138743,-0.029956999933347106,0.3683828579599622
X13844,2,"(1, 2)",-0.07526411687054953,-0.07292683990202631,0.2764169197460214,0.18482960001565515,0.05100400000810623,0.2861940264126953
X13844,2,"(1, 3)",-0.04553829801694506,-0.09547993853149228,0.49677065251639735,0.22005602999124677,0.07089875021483749,0.3377822658641428
X13844,2,"(1, 4)",1.8491051600816322e-05,-0.006291954636390623,0.038909959199048647,0.10597012500511482,0.10994169989135116,0.04330733696059021
X13844,2,"(2, 1)",-0.26405959111188765,-0.21317544097536903,0.10925914418641691,-0.16625735006527975,-0.12598590005654842,0.10206458652389423
X13844,2,"(2, 2)",-0.16872048775834805,-0.1393683641806041,0.10444953913888036,-0.0351321214444137,0.0004819000605493784,0.12341226707421371
X13844,2,"(2, 3)",-0.08355842332748065,-0.08503044023480744,0.1430600417073496,0.06118631247954909,0.07384020008612424,0.16501712621094178
X13844,2,"(2, 4)",-0.05771366025446965,0.006031305611760185,0.21001995041564034,0.1224728899775073,0.1535817999392748,0.2550061821235907
X13844,2,"(3, 1)",-0.13675466706690242,-0.1269797469426796,0.07043818522379625,-0.05923004001379013,-0.049806399969384074,0.0850106652049881
X13844,2,"(3, 2)",-0.2756009655872908,-0.20294039702882982,0.20867193501999975,-0.1443985384853127,-0.10194190009497106,0.16205766048466036
X13844,2,"(3, 3)",-0.08898283482939266,-0.053915900126258465,0.095517725942014,0.001778772756965323,0.0049852002412080765,0.07136563511794504
X13844,2,"(3, 4)",-0.08311804651118616,-0.15805994700151363,0.3575344754821797,0.14475277997553349,-0.036467500030994415,0.48783558187342696
X13844,2,"(4, 1)",-0.39536139619412547,-0.2618489541487464,0.3503787149750712,-0.17231713999062775,-0.054916500113904476,0.3587842994174391
X13844,2,"(4, 2)",-0.1688460936547007,-0.20066833881842822,0.20289725946205892,0.004406212538015097,-0.03140740015078336,0.2158658652863852
X13844,2,"(4, 3)",-0.16736598018513887,-0.1369471416630041,0.16506077242603773,-0.004754079994745553,0.02071174990851432,0.10112226653317649
X13844,2,"(4, 4)",0.010658976044286783,-0.09619312174141054,0.30322999050377075,0.21550056672034165,0.05997790000401437,0.2909326848739578
X33332,1,"(1, 1)",-0.11086369684290227,-0.10277113734249746,0.14590074883804885,-0.024359233328141272,-0.05508999992161989,0.15179247467732263
X33332,1,"(1, 2)",-0.04313032011754181,-0.07372090426551303,0.14543691738228123,0.17401905002770945,0.17401905002770945,0.1609682499547489
X33332,1,"(1, 3)",-0.07259241988403316,-0.05027804639860045,0.12645149967453373,0.03940180002246052,0.027106899884529412,0.09959701662452695
X33332,1,"(1, 4)",-0.06378781096489408,-0.0930384287305589,0.19004538503552348,0.06614133331459016,0.08095919998595491,0.09769124555344684
X33332,1,"(2, 1)",-0.15013140835330036,-0.159952440650738,0.12916380599478233,-0.03356717999558896,0.03428569994866848,0.11474744368237104
X33332,1,"(2, 2)",-0.14713283625739826,-0.09916024282390545,0.09525159600688932,0.014074779953807593,0.06088789994828403,0.09600923084143301
X33332,1,"(2, 3)",-0.18293865469013784,-0.14616602723620853,0.12320500472863913,-0.10267346658899139,-0.10585049993824214,0.0800496227331398
X33332,1,"(2, 4)",-0.18122805371846354,-0.19472445994090976,0.09290762297667414,-0.003657699989465376,0.01008710009045899,0.09152242282926211
X33332,1,"(3, 1)",-0.18063653758964,-0.1976653495326619,0.05811229894570582,-0.0195118833022813,-0.019035350007470697,0.054087609449857445
X33332,1,"(3, 2)",-0.12926394305243388,-0.14463768603761032,0.0545394680627178,0.052722500055097044,0.052722500055097044,0.0
X33332,1,"(3, 3)",-0.16728531838482386,-0.1454179949203107,0.05985832408238003,0.0010302000058194,0.008093100041151047,0.02460076115357005
X33332,1,"(3, 4)",-0.14115051594840022,-0.13700573496330565,0.07784539399990272,0.054990899962528296,0.06362029997399077,0.09181920679112697
X33332,1,"(4, 1)",-0.44822463908542615,-0.5141285253057923,0.15518508579756293,-0.08136000001104549,-0.11548470001434907,0.10457694077903142
X33332,1,"(4, 2)",-0.2774892070763895,-0.32298992693642803,0.1304732975471042,0.022963066721179832,-0.0030665999511256814,0.12962943287444634
X33332,1,"(4, 3)",-0.1336536505485466,-0.21075946002644802,0.26141364260997574,-0.03462055998388678,-0.014030499965883791,0.032915655054294224
X33332,1,"(4, 4)",-0.28535515072078754,-0.337614756865802,0.1250780190860251,-0.026346766700347263,-0.07498230005148798,0.08709900485424098
X33332,2,"(1, 1)",-0.13244654878530313,-0.11198231650876145,0.06118519001123787,-0.03529140003956854,-0.05304255004739389,0.10020207087500065
X33332,2,"(1, 2)",-0.03571756957239329,-0.02871448546958444,0.052943292894841315,0.05276127503020689,0.0320358500466682,0.06395571704383797
X33332,2,"(1, 3)",-0.0675959798740019,-0.07117741698696542,0.04145054809779855,-0.018230099987704307,-0.005522100022062659,0.02746453124511617
X33332,2,"(1, 4)",-0.00534614297579523,-0.013371124536202844,0.03125727278136975,0.07464010000694543,0.06788089993642643,0.02569736200965493
X33332,2,"(2, 1)",-0.1086554817982355,-0.1351805404343206,0.07026349788986867,-0.026732262485893443,-0.033523499965667725,0.07346220757307387
X33332,2,"(2, 2)",-0.05790674083549572,-0.07675781079100141,0.06211103495880684,0.023081485730861977,0.029042599955573678,0.024608972625935515
X33332,2,"(2, 3)",-0.10944634942766164,-0.1159805216901981,0.0434276713335965,-0.011935975004841263,-0.018942449998576194,0.0512205614374402
X33332,2,"(2, 4)",0.007632379624099344,-0.01572863557754245,0.07816312003374513,0.09803857142105699,0.10197930003050715,0.05458848323554011
X33332,2,"(3, 1)",-0.09869528418396097,-0.10260420913265339,0.04518213086301829,0.005974500052010019,0.0399073000298813,0.06355636345636673
X33332,2,"(3, 2)",-0.2355932620694318,-0.19219532695749614,0.11875657388070063,-0.020738922253561515,-0.03199099993798882,0.06840278583547643
X33332,2,"(3, 3)",-0.12649860152474554,-0.11276566778528024,0.04060158663933297,0.02597639998809124,0.022431650082580745,0.023399058937677613
X33332,2,"(3, 4)",-0.08323418956603659,-0.06894311879719375,0.06322720584290706,0.00960578749072738,0.01703484996687621,0.05326063304003072
X33332,2,"(4, 1)",-0.3424237780333166,-0.3477353544350751,0.12071727084706337,-0.11095524001866579,-0.13500309991650283,0.0752738305217404
X33332,2,"(4, 2)",-0.2339528456747533,-0.24520984842396337,0.07857871017096854,-0.03978395452511243,-0.03310789994429797,0.040189108671197606
X33332,2,"(4, 3)",-0.3246544857431922,-0.3271068672129495,0.06165589707433957,-0.06381256249733269,-0.05912445002468303,0.07350072255117601
X33332,2,"(4, 4)",-0.2198062538344599,-0.23699895472985322,0.05060899392620501,-0.024765350011875853,-0.025451650028117,0.03478868409015258
X05398,1,"(1, 1)",-0.02644828240549135,-0.009559703289072297,0.10543273053766414,-0.00593202857167593,0.005481949890963733,0.10448073877450167
X05398,1,"(1, 2)",-0.035836116703186156,-0.02597798534530313,0.15117264730582658,-0.020387337543070316,-0.026962100062519312,0.1497763226282132
X05398,1,"(1, 3)",0.06022949350275681,0.02416180827976283,0.13885383982657004,0.08012304001798233,0.0419668999966234,0.13982832263793601
X05398,1,"(1, 4)",0.0719436244813914,0.04364947472390321,0.088713812500808,0.09626296248461585,0.0731322499923408,0.08636397474051416
X05398,1,"(2, 1)",-0.1239318225343827,-0.05149045241051847,0.2027426318208967,-0.08121179995526161,-0.0048658999148756266,0.21168320634010196
X05398,1,"(2, 2)",-0.00039307556420749014,0.007099920164164497,0.11191364566018747,0.04497708007693291,0.0349904999602586,0.11374906243159852
X05398,1,"(2, 3)",-0.023784750609520025,-0.01032890068858111,0.06632666467841834,0.030277427222410388,0.04303509998135269,0.07262911014031902
X05398,1,"(2, 4)",0.010548640682406664,0.016045143227143815,0.021857899967474104,0.0630219501326792,0.06652820005547255,0.014427000861785094
X05398,1,"(3, 1)",-0.13226255142052026,-0.12675427760835645,0.14931054662975748,-0.06061448565950351,-0.0637549499515444,0.07869450960901413
X05398,1,"(3, 2)",-0.1841687967069333,-0.16482788194766115,0.07484179620502694,-0.08996011109815703,-0.09203519998118281,0.05570682191900056
X05398,1,"(3, 3)",-0.04029618186509429,-0.0613744545495038,0.10090743935278979,0.009567916639045708,-0.007933050161227584,0.07229034215832997
X05398,1,"(3, 4)",0.003623000837322406,0.022194993636716176,0.07184268404840063,0.04965412005161245,0.06996129988692701,0.06534945810756046
X05398,1,"(4, 1)",-0.14347406835918555,-0.13366808549549342,0.09828081040538307,-0.0768140222515083,-0.07494640001095831,0.06511841040025115
X05398,1,"(4, 2)",-0.1774658552606135,-0.15696202063056475,0.1309565213165626,-0.059509333378324904,-0.0460460998583585,0.06315260699651992
X05398,1,"(4, 3)",-0.05349564156900394,-0.04807480957934701,0.056680366605421334,-0.0042648833865920706,-0.003989600110799074,0.05328876600252685
X05398,1,"(4, 4)",-0.1361669820798127,-0.0920996719583325,0.17354431290473202,-0.005025800026487559,-0.002460649935528636,0.017218347478416923
X05398,2,"(1, 1)",0.006113769301002904,-0.013197153418126162,0.08111163641226918,0.022771857063552097,-0.001524000079371035,0.09323473153871775
X05398,2,"(1, 2)",-0.17430282562623414,-0.07582428887735848,0.22388108508620683,-0.15211125987116247,-0.049573049996979535,0.2254200310777738
X05398,2,"(1, 3)",-0.017894183148727778,-0.00491467923732436,0.07042298089035176,-0.00933286671837171,-0.00755480001680553,0.06881195556643564
X05398,2,"(1, 4)",0.01726574358978571,0.007710825281272066,0.07650149753368832,0.046694543765624985,0.04211050004232675,0.04938347156594785
X05398,2,"(2, 1)",0.022564110329282874,0.018575581252065043,0.11718426134873992,0.05666041669125358,0.05708920012693852,0.12186342711099425
X05398,2,"(2, 2)",-0.04337466757059444,-0.01072788874613223,0.19066108353503136,-0.006368100037798285,0.0230447999201715,0.19189329726405172
X05398,2,"(2, 3)",0.019516240630756312,0.01676905331412279,0.06813772648955808,0.05773983331164345,0.05852920014876872,0.0687371543580939
X05398,2,"(2, 4)",0.1294633496515522,0.08094630931497074,0.13974367870312543,0.15633105002343656,0.1086215500254184,0.14614734322744122
X05398,2,"(3, 1)",-0.05813114748994108,-0.05757184437405491,0.04215103914451956,-0.01734268666865925,-0.004966199863702059,0.04169129896341217
X05398,2,"(3, 2)",-0.14556167389142485,-0.1062823431538783,0.15115411081017677,-0.08268844610295044,-0.04603409976698458,0.12130184122404701
X05398,2,"(3, 3)",-0.056975680695971476,-0.0663797527322601,0.06558187892216304,0.014702858306312313,0.007444650051183999,0.055959118784445656
X05398,2,"(3, 4)",0.009411772953500354,0.010127041667467557,0.06997847354375814,0.05003203336511635,0.045463450253009796,0.06956906937146923
X05398,2,"(4, 1)",-0.053099993848496174,-0.04430204104877433,0.054143130668926995,-0.04021145456301218,-0.028016699943691492,0.0548759700855592
X05398,2,"(4, 2)",-0.12021357161236303,-0.12282856378703513,0.04070142980481729,-0.10854581819677894,-0.10185370035469532,0.03541939395211127
X05398,2,"(4, 3)",-0.04338711643550225,-0.05193226198357291,0.100726549598788,-0.00914052000734955,-0.027066299924626946,0.0856669383438043
X05398,2,"(4, 4)",-0.050039853466223305,-0.05293546440165006,0.02491582280745575,-0.015528190042823553,-0.021512750070542097,0.029818768436856984
X44909,1,"(1, 1)",-0.12340044232729991,-0.12340044232729991,0.0,,,
X44909,1,"(1, 2)",-0.10267045142068291,-0.07643199489280317,0.3780318344636204,0.04670524998800829,0.12948669999605045,0.4613758112819296
X44909,1,"(1, 3)",0.10239129710559035,-0.015712363059609546,0.3923178846662306,0.09071980000589974,0.11499850009568036,0.19051135960614368
X44909,1,"(1, 4)",-0.28321555943973314,-0.2034045422357977,0.43191143012828165,0.024024800048209727,0.024024800048209727,0.0
X44909,1,"(2, 1)",-0.2913206574170484,-0.2913206574170484,0.0,-0.2508887000149116,-0.2508887000149116,0.0
X44909,1,"(2, 2)",-0.09877625219238352,-0.07578440537227688,0.3493771787601542,-0.053770920017268506,-0.010987600078806281,0.35617776450233646
X44909,1,"(2, 3)",-0.03431941631638245,0.020678693570767848,0.2872653120445889,0.023512000003113195,0.07200909988023341,0.2998032160792782
X44909,1,"(2, 4)",0.15551705509320238,0.160364450856196,0.15179038101704323,0.10048310001729988,0.05234090000158176,0.1933571351597738
X44909,1,"(3, 1)",-0.05198000488174448,-0.05198000488174448,0.0,0.05883960006758571,0.05883960006758571,0.0
X44909,1,"(3, 2)",-0.07446603033704088,-0.11508932040736347,0.2223345353109019,-0.01467283999081701,-0.0635306999902241,0.21009348623019533
X44909,1,"(3, 3)",0.047114619640975484,0.009813771762712309,0.1680541996247966,0.07229905382980807,0.04200779995881021,0.157550298384512
X44909,1,"(3, 4)",0.13396426933328598,-0.03122937065895287,0.3686619925223463,0.2082935000570225,0.005916100111790001,0.37845975816167515
X44909,1,"(4, 1)",-0.13689234111622084,-0.2698440798057414,0.4537627398501372,0.03341334001161158,-0.05203939997591078,0.5342735817678991
X44909,1,"(4, 2)",-0.14542412483451658,-0.14146408920739073,0.27269389782504055,-0.10416663753858302,-0.01353910006582737,0.3066902321893275
X44909,1,"(4, 3)",0.02731281745105437,0.1055903675285339,0.4577535711773626,-0.013513524987502024,0.0785202500410378,0.6025752560576573
X44909,1,"(4, 4)",0.08377460852991316,-0.003056005370043191,0.18594553041258022,0.021037549944594502,0.021037549944594502,0.008901549968868494
X44909,2,"(1, 1)",-0.13077539287651557,-0.06405065976671565,0.2119225015265668,-0.012014300019169847,0.033963499940000474,0.1833590289155798
X44909,2,"(1, 2)",-0.10244424360147789,-0.028285759452978176,0.28484490099856485,0.08353443331240366,0.10884929995518178,0.07970201780929421
X44909,2,"(1, 3)",0.055862291371706126,0.02247816449720008,0.32943548667531064,0.047800485676686676,0.09835570002906024,0.3729281316471644
X44909,2,"(1, 4)",-0.18501532744145313,-0.07862396358307955,0.26438613366084085,-0.09381859996938147,-0.009933049965184182,0.2925697404164307
X44909,2,"(2, 1)",0.011227950222860692,-0.051687248013016385,0.20607585176938875,0.01625310000963509,-0.025141200050711632,0.19853856036009734
X44909,2,"(2, 2)",0.12267957447422789,0.08166075603685485,0.18095673492409098,0.119648324965965,0.026553050032816827,0.17234078150145807
X44909,2,"(2, 3)",-0.08003785788239552,-0.017019111310496993,0.20981642676128448,-0.04568173845585149,0.018837700015865266,0.2172489939172124
X44909,2,"(2, 4)",0.12852253348763715,0.2907978247600289,0.2582957026528603,0.1866179999584953,0.3259360999800265,0.2302912937725686
X44909,2,"(3, 1)",-0.151172943313296,-0.151172943313296,0.0,-0.11494789994321764,-0.11494789994321764,0.0
X44909,2,"(3, 2)",-0.07315186368743419,-0.1669473969534355,0.2887670828764184,-0.04803647998487577,-0.14002184994751588,0.2886683015768625
X44909,2,"(3, 3)",-0.016549960068328824,-0.0037281107064119634,0.18166898070540002,0.028415622241381142,0.07086249999701977,0.19151267310576842
X44909,2,"(3, 4)",0.01027981586527634,-0.04980030419582626,0.35280629535269936,0.0629646250163205,-0.009855099953711033,0.36536721817146633
X44909,2,"(4, 1)",-0.2256198544284251,-0.30370274492105764,0.23801057512841428,-0.04811889999546111,-0.15897260000929236,0.25715806079510795
X44909,2,"(4, 2)",-0.22983438665174352,-0.160304459042654,0.2157935435795215,-0.11949876672588289,-0.060469900141470134,0.1278777477668543
X44909,2,"(4, 3)",-0.012333394326384394,0.001011875378029825,0.3230280432078225,0.1926749143084245,0.2109468000708148,0.28557914008365565
X44909,2,"(4, 4)",-0.3402035900151558,-0.18669059743786098,0.22436031011512989,-0.12449779998860322,-0.01695494999876246,0.2747357529954936
X98504,1,"(1, 1)",-0.015152122116700983,0.008640501618604746,0.07267507050014245,-0.006243181753564964,0.01235360000282526,0.06098248608522844
X98504,1,"(1, 2)",-0.012850347939009478,-0.01405633950023455,0.12923934871707699,-0.016716028613570546,-0.003394950064830482,0.09416452582938549
X98504,1,"(1, 3)",0.02681059748215785,-0.008075104687549406,0.07416318557893337,0.022875127276744355,0.006897500017657876,0.05149889991872916
X98504,1,"(1, 4)",0.03197949817903683,0.02255526641805078,0.0650045782197079,0.0583298940978506,0.05507089989259839,0.051392366062585834
X98504,1,"(2, 1)",-0.03696072374666084,-0.0469092417827926,0.08765916497810662,0.004217707086354494,0.008875199942849576,0.07903421688374532
X98504,1,"(2, 2)",-0.08169981573914635,-0.09590450765309039,0.08577937929512697,-0.03150224996109804,-0.05221599992364645,0.09133023991885728
X98504,1,"(2, 3)",0.0010572246607256494,0.012069947966297623,0.07932448798958716,0.03683231541743645,0.02997979987412691,0.06798907277683558
X98504,1,"(2, 4)",0.03152330710112952,0.03795558829285603,0.07876127834125352,0.07148204167606309,0.08249205001629889,0.07137768048686868
X98504,1,"(3, 1)",-0.18018288198017818,-0.18611463389270372,0.07438229073252416,-0.019141255567471187,-0.028002900071442127,0.04506128719043099
X98504,1,"(3, 2)",-0.21421218668139688,-0.2029983320234438,0.08640106376724724,-0.03904136357066983,-0.021964600076898932,0.056853497267856955
X98504,1,"(3, 3)",-0.193930636436011,-0.200196180163845,0.0574259913646244,-0.013758576922835065,-0.012086499948054552,0.0447558539839703
X98504,1,"(3, 4)",-0.13595008643344192,-0.16493287004991997,0.10863732779009985,0.026319158797645393,0.0021849998738616705,0.09178650856294403
X98504,1,"(4, 1)",-0.2297772520340135,-0.25067684723374634,0.09007813277596478,-0.026136277786766488,-0.042486449936404824,0.07736784943814072
X98504,1,"(4, 2)",-0.22528651192693758,-0.22077461563100825,0.05756994125445966,-0.06448506666347384,-0.07494250009767711,0.0552834653461765
X98504,1,"(4, 3)",-0.18331851981685476,-0.17680041627179638,0.08419734509248117,-0.011580728609780115,-0.008640900254249573,0.06245105955439937
X98504,1,"(4, 4)",-0.15140264430981426,-0.17222556042907386,0.09885460065557908,-0.0013900999911129475,-0.00392954982817173,0.048956405754354976
X98504,2,"(1, 1)",-0.04591503730544468,-0.044903149986545765,0.06283738053084384,-0.021501815779820868,-0.011990599799901247,0.05286288929771119
X98504,2,"(1, 2)",-0.1239382398017297,-0.0651583219243998,0.11476057318794222,-0.06974018183113499,-0.04198019998148084,0.11231274363492126
X98504,2,"(1, 3)",0.0023313713052276106,0.03159476158198052,0.10417040392505034,0.0434176999454697,0.04094539990182966,0.06124152302715997
X98504,2,"(1, 4)",-0.04233548090897719,-0.030124603279154727,0.07441746930652347,-0.01565119338532289,0.009844300104305148,0.07561664306657544
X98504,2,"(2, 1)",-0.028085027718381415,-0.030051434401717425,0.046431219667867174,0.02076133851033564,0.01807730016298592,0.051617756768961506
X98504,2,"(2, 2)",-0.026750553028294044,-0.042877463225678314,0.0847208549536147,0.013176009990274906,-0.002037850092165172,0.09166320684315855
X98504,2,"(2, 3)",0.023789676125586974,0.007046180128352536,0.09179565387172929,0.08031038332652922,0.05055810010526329,0.08770802760625168
X98504,2,"(2, 4)",0.023991384704577096,0.013403901474927316,0.05693110219709755,0.08389810904521834,0.06901919981464744,0.059610924698484585
X98504,2,"(3, 1)",-0.19521986035679212,-0.19777074122318983,0.04863498308612531,-0.023216727232052523,-0.010973399970680475,0.046723028120216566
X98504,2,"(3, 2)",-0.13465596949721084,-0.1894652796668308,0.1378769230576986,-0.01968830996192992,-0.052899249945767224,0.09898170770208803
X98504,2,"(3, 3)",-0.13675005036013907,-0.12505279803898178,0.15250453574455247,-0.014138649974483997,0.003985949908383191,0.1120614017946522
X98504,2,"(3, 4)",-0.1278336550718473,-0.1642842766353696,0.11709532902917111,0.027755288242855492,0.025976400123909116,0.09382047285460597
X98504,2,"(4, 1)",-0.2579507013250526,-0.2412178331173482,0.0686798101720765,-0.024323899977995705,-0.04244240000844002,0.07237702377197869
X98504,2,"(4, 2)",-0.2728230061094336,-0.26497439477828266,0.0951708948661134,-0.05931410666865607,-0.07298849988728762,0.10143765479410552
X98504,2,"(4, 3)",-0.21351166644322267,-0.2086118219737618,0.04815754326755854,-0.008486450051090546,-0.01611710013821721,0.0646941166786779
X98504,2,"(4, 4)",-0.19594423012699042,-0.1884466698157274,0.03777967914458733,-0.002858099972151897,0.0030163999181240797,0.032524990830718574
X03004,1,"(1, 1)",-0.054792242244691515,-0.05513850472452114,0.024111395525041154,0.015047500084619969,0.015047500084619969,0.0
X03004,1,"(1, 2)",-0.06345107433035223,-0.07107876411372371,0.16151319203240194,-0.01202829999383539,0.014889500045683235,0.056445909126634074
X03004,1,"(1, 3)",0.0015899363190415405,0.006196454055757694,0.06209070665327846,0.06358236666225518,0.06292419997043908,0.058740485236783935
X03004,1,"(1, 4)",-0.07677517823120773,-0.13972161777836595,0.18900899054152148,0.2219770000083372,0.2219770000083372,0.0
X03004,1,"(2, 1)",-0.004502521117147644,0.005859321270589135,0.02517446036270315,0.01935386665475865,0.046034099999815226,0.04059941382634773
X03004,1,"(2, 2)",-0.0308942182283167,-0.03361363862587116,0.08304047212082762,-0.007782808325525063,0.0033833500056061894,0.07106589588550098
X03004,1,"(2, 3)",0.022603081260817125,0.002005115576239558,0.10024467286428979,0.054179175007448066,0.03091005000169389,0.10548311527266287
X03004,1,"(2, 4)",0.027692079937938874,-0.12025430683972815,0.21109238962910307,0.0782994333615837,-0.07907249999698251,0.2346438170469686
X03004,1,"(3, 1)",-0.07439363674710188,-0.06926561111759766,0.04072676430272564,-0.04330566669038186,-0.016949200013186783,0.037945414527768104
X03004,1,"(3, 2)",-0.10358894671323345,-0.06509550475565712,0.09543968865011108,-0.06909617692088851,-0.03188540006522089,0.09656127136908538
X03004,1,"(3, 3)",-0.09026766634748053,-0.11072124043105337,0.13196328757392756,-0.024188226670958102,-0.041983500006608665,0.08653601732990371
X03004,1,"(3, 4)",-0.05128295492592161,-0.05169152508679303,0.053995488411422196,-0.013852885733025946,-0.01803420000942424,0.06269156263639995
X03004,1,"(4, 1)",-0.06925842536621318,-0.06925842536621318,0.0159379065281402,-0.0004259999841451645,-0.0004259999841451645,0.025481500022578984
X03004,1,"(4, 2)",-0.10423624502025652,-0.06486662247030583,0.10977735600050952,-0.05652074998943135,-0.05652074998943135,0.12770715000806376
X03004,1,"(4, 3)",0.008250007616575716,-0.019093052162819812,0.13866857531800889,0.05344034287346793,0.04210880002938211,0.13408061133386948
X03004,1,"(4, 4)",0.050317329063550104,0.050317329063550104,0.04204086772461815,0.12705559999449179,0.12705559999449179,0.0300354000646621
X03004,2,"(1, 1)",,,,,,
X03004,2,"(1, 2)",-0.09538007292886909,-0.10176407768229984,0.08148316942518168,,,
X03004,2,"(1, 3)",-0.04198926997477051,-0.028040003677212932,0.08443997255526983,,,
X03004,2,"(1, 4)",,,,,,
X03004,2,"(2, 1)",,,,,,
X03004,2,"(2, 2)",-0.021978641954531232,-0.008841341226971833,0.06413722203675187,0.009352299999186976,0.04083009995520115,0.06457779758291236
X03004,2,"(2, 3)",-0.003899346229426213,0.0022130972928045,0.0657264591332583,0.04945148333111623,0.041090950020588934,0.0612764494477738
X03004,2,"(2, 4)",,,,,,
X03004,2,"(3, 1)",,,,,,
X03004,2,"(3, 2)",-0.07176822323099089,-0.10182990055061686,0.08793097657872426,-0.01616165998275392,-0.03568044997518882,0.07524364963794247
X03004,2,"(3, 3)",-0.006026767920410012,-0.0117645235163516,0.04694429958852139,0.04045017271577804,0.021927299967501312,0.044819271853475166
X03004,2,"(3, 4)",,,,,,
X03004,2,"(4, 1)",,,,,,
X03004,2,"(4, 2)",-0.05365183016302174,-0.04590025843540152,0.07241470129125321,,,
X03004,2,"(4, 3)",-0.056879962508311184,-0.059563541688244015,0.07326245134265451,,,
X03004,2,"(4, 4)",,,,,,
X42448,1,"(1, 1)",-0.14179221968787026,-0.20030200525661082,0.08364417165349666,0.03002114999958394,0.03002114999958394,0.05400914999995621
X42448,1,"(1, 2)",0.029850037724440268,0.0430063321841328,0.2042844671429859,-0.03262933333318566,-0.013912849999996979,0.08130046586709962
X42448,1,"(1, 3)",-0.17832275504614736,-0.13980258289135827,0.18430976088792977,-0.0340979428573129,0.024025499999879685,0.16373876883434849
X42448,1,"(1, 4)",-0.05531682237113498,-0.11774454954125885,0.17062508602015625,0.08604347000004964,0.08047624999994696,0.14694494391940152
X42448,1,"(2, 1)",0.02806600127519454,0.0007632478051931568,0.10843706523604511,0.1702000600000247,0.1541016999990461,0.09585885877729756
X42448,1,"(2, 2)",-0.16954142536618425,-0.10379021336518693,0.21054852391706674,-0.11189028571438289,-0.07091510000100243,0.21983277306470628
X42448,1,"(2, 3)",-0.056042119857039226,-0.047875362088291906,0.09636908313376731,0.03483744999994087,0.011486699999750272,0.07136621659963437
X42448,1,"(2, 4)",-0.12962713366567166,-0.05526496781571838,0.20726306390220178,0.010239499999973608,0.07299530000000232,0.17472965201645427
X42448,1,"(3, 1)",-0.09332709377684617,-0.08767625034754992,0.12541067055356037,0.04312128333314528,0.04256830000008449,0.08887022179576395
X42448,1,"(3, 2)",-0.20963409296661104,-0.23862702977937594,0.14758417687042605,-0.08672179999985019,-0.10757754999985991,0.08602322371677613
X42448,1,"(3, 3)",-0.0981364897956536,-0.07540528343705039,0.07469891297376156,-0.020830328571394472,-0.03190520000043762,0.0795018635062288
X42448,1,"(3, 4)",0.07440376998875096,0.05139839052738304,0.10742348114119127,0.11416303999994852,0.09814884999968854,0.09524335737092794
X42448,1,"(4, 1)",-0.12278301510257764,-0.19563656097227497,0.22538825828018644,-0.0690354909090109,-0.0730238999994981,0.07331352666557069
X42448,1,"(4, 2)",-0.255525603917847,-0.28401770525646775,0.19953748173868352,-0.14457519999970309,-0.13058909999926982,0.05300525567372006
X42448,1,"(4, 3)",-0.06416000225865584,-0.13152474355290178,0.2523282487073681,0.02545330000016706,0.011246100000789738,0.1331635362727528
X42448,1,"(4, 4)",-0.04530389941598828,-0.1352047016122366,0.1783725047203229,0.027517499999963287,0.034956200000578974,0.10980700270578869
X42448,2,"(1, 1)",-0.02872180815784059,-0.02872180815784059,0.039839596082936524,0.04641289999972287,0.04641289999972287,0.03640350000068793
X42448,2,"(1, 2)",-0.09878813653633271,-0.10184098132908112,0.01920636539025076,,,
X42448,2,"(1, 3)",0.00021362886642791734,-0.029143353732098365,0.0704424248416845,0.05301314999951501,0.05301314999951501,0.03788825000037832
X42448,2,"(1, 4)",-0.16537249030518344,-0.16462785683103923,0.1466629292912871,-0.08990179999909742,-0.08990179999909742,0.0
X42448,2,"(2, 1)",-0.12541287560783038,-0.12709310841819496,0.12232233700561157,-0.0773735000002489,-0.09797999999955209,0.15333754731935167
X42448,2,"(2, 2)",0.06782083322583887,0.06782083322583887,0.0,,,
X42448,2,"(2, 3)",-0.041206553046495266,-0.002570826655416636,0.09532247940544412,0.03607979999924282,0.03607979999924282,0.0
X42448,2,"(2, 4)",-0.029609099430026813,-0.015267789152779765,0.04215040610000335,0.01503609999872424,0.01503609999872424,0.0
X42448,2,"(3, 1)",-0.16740902961813586,-0.18047120891396962,0.03223796389160121,,,
X42448,2,"(3, 2)",0.0029440771467229565,-0.049948495437882545,0.12928916453228775,-0.04942274999984875,-0.04942274999984875,0.021431050000046525
X42448,2,"(3, 3)",-0.068616596082693,-0.03797349174292197,0.05892084196695607,0.0559339500000533,0.0559339500000533,0.0029575499997918087
X42448,2,"(3, 4)",0.04442409261069817,0.04184223012591959,0.04851570345633801,0.20517040000049747,0.20517040000049747,0.0
X42448,2,"(4, 1)",-0.20668707679982376,-0.24224522663091136,0.06717427317515792,-0.0409975000002305,-0.0409975000002305,0.0
X42448,2,"(4, 2)",-0.16488958988371205,-0.11751993032538771,0.14449486607373319,-0.11300896666671179,-0.12505440000040835,0.056979723004350266
X42448,2,"(4, 3)",-0.1998688247894838,-0.21745351125722323,0.09055830623714359,,,
X42448,2,"(4, 4)",-0.021703050087104936,-0.021703050087104936,0.0,,,
X85446,1,"(1, 1)",0.002370938061644533,0.004074702655278262,0.07340737718729025,0.037834269245370075,0.021992200054228306,0.08261908467904622
X85446,1,"(1, 2)",-0.08747110136518724,-0.08188770273670304,0.08912092615456292,-0.050007346229484446,-0.05301959998905659,0.08481885956975335
X85446,1,"(1, 3)",0.0179307821745268,0.054656746777912046,0.12359892828414683,0.06843034164436783,0.08254699991084635,0.10044863150143343
X85446,1,"(1, 4)",-0.07266794702452266,-0.0005544203719070051,0.3389774902660154,-0.026278299994633665,0.05784190003760159,0.33777093911389466
X85446,1,"(2, 1)",-0.0759426292718177,-0.10243165165416393,0.14183879990077025,-0.011940114283269005,-0.029983650078065693,0.11606767644409044
X85446,1,"(2, 2)",-0.033141564896143054,0.0075982686748787,0.07800360115735679,0.05807545001152903,0.0994887501001358,0.07817987688498129
X85446,1,"(2, 3)",-0.07667101478422117,-0.05646526000471416,0.10058390423540307,-0.0076413562055677176,0.012386549962684512,0.09981617225406905
X85446,1,"(2, 4)",-0.030391192101989997,-0.07192894109634357,0.13716458046448868,0.014461671501131994,-0.009988900041207671,0.10365776590794128
X85446,1,"(3, 1)",-0.19029112000692516,-0.1659146312500428,0.0873538769641114,-0.13063626999501138,-0.115974250016734,0.08615657161182505
X85446,1,"(3, 2)",-0.08938870936365974,-0.09837954797362342,0.11133123517708224,-0.016678149986546487,-0.03363249986432493,0.07274122865391103
X85446,1,"(3, 3)",-0.038345478808532084,-0.042399591634056044,0.07224835047326639,0.027703835728711317,0.02966350002679974,0.07296894789546118
X85446,1,"(3, 4)",-0.1455839974297523,-0.03533963332386347,0.3346943787856926,-0.08739136254007462,0.03957134985830635,0.33267368835765687
X85446,1,"(4, 1)",-0.07325596415623759,-0.11934051484471697,0.2188614228523716,0.1538267800118774,-0.03898439998738468,0.4145639977632986
X85446,1,"(4, 2)",-0.08168544698588828,-0.09140664232278164,0.1274276376487463,-0.016094791683523606,-0.016545550082810223,0.10032490077474032
X85446,1,"(4, 3)",0.04673602920929837,-0.07421511014120222,0.32366582505311636,0.011856759991496801,-0.03065814997535199,0.16704005274362918
X85446,1,"(4, 4)",-0.1764035786283614,-0.12937800410752742,0.1337100782151033,-0.0712058400735259,-0.04597040009684861,0.19576262189422136
X85446,2,"(1, 1)",-0.07937777322726572,-0.08131559627215426,0.04827756420074129,0.07122894166968763,-0.05795534991193563,0.40944976045190357
X85446,2,"(1, 2)",0.043298312479557795,0.00985081224912926,0.132516667572354,0.09591137770459884,0.05895259976387024,0.16964595473550698
X85446,2,"(1, 3)",0.07137099398587445,0.06539357025596348,0.1761171407324427,0.10535392232446207,0.1460379003547132,0.1802301735943947
X85446,2,"(1, 4)",0.03610043671404309,0.04991214671633215,0.0772925216319062,0.06283180002885108,0.06802490004338324,0.07611298561601665
X85446,2,"(2, 1)",-0.21931432034720516,-0.1801346261047177,0.1451636767339643,-0.14292911540430325,-0.10699919983744621,0.14802973919082604
X85446,2,"(2, 2)",-0.03774827564137897,-0.0034105680849758346,0.15771677555845334,-0.002795300032529566,0.020842700032517314,0.1455086733758257
X85446,2,"(2, 3)",-0.013176684754350878,-0.05336112274186336,0.09275385985643059,0.043930253277843195,0.020990499760955572,0.07481419709210758
X85446,2,"(2, 4)",-0.029557639904512788,-0.052690112891757346,0.1761839009334962,0.04079754997510463,0.037361200083978474,0.1942124053847992
X85446,2,"(3, 1)",-0.22230172868084233,-0.11140437431271333,0.4035503262465944,-0.18359509234030086,-0.047068700194358826,0.38472418475629083
X85446,2,"(3, 2)",-0.09116300595237314,-0.08037252738393807,0.0789378777181095,-0.004926945379173214,0.00011659995652735233,0.06595874377142551
X85446,2,"(3, 3)",0.0032231970472048938,0.002304102444402989,0.1737285819470461,0.11940544995013624,0.09839309996459633,0.16972896099557885
X85446,2,"(3, 4)",-0.11378176101121154,-0.1304418978054746,0.12483717981157161,-0.05139959997990552,-0.01611280022189021,0.08174041498759779
X85446,2,"(4, 1)",-0.10294730477606485,-0.1321705083658844,0.08936172136855915,-0.06392542864861232,-0.09198770020157099,0.09007282676699296
X85446,2,"(4, 2)",-0.02679050512687015,-0.03130548791936266,0.10349524529205496,0.004644018787075765,0.006637200131081045,0.10303073539339394
X85446,2,"(4, 3)",-0.024603418265047396,-0.08071614030653035,0.16724036165420217,0.01928894001369675,0.006181000033393502,0.09525156882789527
X85446,2,"(4, 4)",-0.0905966956513569,-0.04666641726206505,0.12310391057023082,-0.043265490856190976,0.0007515000179409981,0.12963631324007344
